text,scam
POPCLUB Magazine latest issue out in stores and online. Discover Member's Specials up to 20% OFF. Win movie premiums & more! View magazine > bit.ly/POP3_23 T&Cs,0
"PR0M0TI0N of SEP 
We Provide BEST R@TE 
85% APPR0V@L 
20Mins PR0CESS 
10K*$180x60mth 
20K*$360x60mth 
50K*$900x60mth 
80K*$1355x60mth 
bit.ly/LydiaGoh",1
"Good Customer Satisfaction 
Strong Reputation 
Highly Recommended 
10k*60Mth=$193 
50k*60Mth=$966 
100K*60Mth=$1933 
Apply Now> bit.ly/DarrelTan

",1
"130% wlc bns 
TopUp Bns 10% 
Since 2014 
Live22/K9i8/Mega 
 
24/7 service 
https://tny.sh/ub3399_N1",1
"NO UPFRONT & DEPOSIT REQUIRED
I'm MK providing Ioan with 1000 clear 1100
90% Approval Rate
WhatsApp https://MkConsultants.wasap.my  UN/UNSUB",1
"<ADV> Singtel. Travel season offer! Get 50% OFF Single Trip & 25% OFF Annual Travel insurance plans only for Singtel customers exclusively at 
https://s.t.singtel.com/MCM0UaE0
. Stay protected on your travels with comprehensive coverage. Promo ends 30 Jun. Info: call 1688. T&Cs apply. <Reply UNSUB to opt out>",0
"<LOCAL SG LENDER>
NO DEP0SIT REQUIRE
5000 CLEAR 5500
UP TO 800K
MONTHLY REPAYMENT
Advise Now for FREE  @https://bit.ly/Kaysonkk
Contact Us 86233270",1
"Free 100$
0 Deposit Online Betting!!!

_Cash
Bonus 50%
Cashout Daily
_Weekly
Rebate 10%

#Live C@sino
#Sp0rtBet
#Sl0t

Register:
wa.me/+6587569591",1
"Offer Financial Assistance
10K 240*48 MTH
30K 680*48 MTH
100K 1800 60MTH
Wh@tsapp@ 93461195 Rex
To Unsub Sms 'No'
https://httpwhasapprexwasapmy.wasap.my",1
"5k-100k 
12-84 MTH PLAN
BEST RATE 1.6%
Limited Plan
30K=540x60m
50K=900x60m
wa.link/alstonng",1
"SingPost: Your courier RA242489789SG is being delivered, and the address is abnormal. Please reconfirm the address and contact information s.id/sgs-posst",1
"ğŸ”¥æ–°åŠ å¡ç½‘ä¸Šå¨±ä¹å¹³å° T2Club Online Casino ğŸ”¥
-----------------------------
ğŸ’¥ä¸–ç•Œé¢†å…ˆè´µå®¾å…å¦‚æ‚¨äº²ä¸´ç°åœºï¼Œç™¾å®¶ä¹ï¼Œè€è™æœºï¼Œæ£‹ç‰Œï¼Œç”µå­ï¼Œä½“è‚²ï¼Œå½©ç¥¨ï¼Œèµ›é©¬
-----------------------------
ğŸ”¸ğŸ”¸ğŸ”¸ğŸ”¸ğŸ”¸ğŸ”¸ğŸ”¸ğŸ”¸
âš½ä¸–ç•Œæ¯ç«çŒœæ´»åŠ¨ï¼Œå¥–æ± å¥–é‡‘é«˜è¾¾$50,000
ğŸ’µä¸–ç•Œæ¯å•æŸ±æœ€é«˜æŠ•æ³¨é¢ $10, 000
ğŸæ–°æ³¨å†Œç”¨æˆ·é€åŒå€å¥–åŠ±
ğŸ§§å­˜æ¬¾$50ç›´æ¥å†é€$50
ğŸ’VIPç”¨æˆ·è¿˜èƒ½å¤Ÿäº«ç‰¹åˆ«ä¼˜æƒ 
âŒšä¸°å¯Œå¥–åŠ±Rolexç­‰å¤§å¥–ç­‰æ‚¨æ¥èµ¢å–
-----------------------------
ğŸŒå®˜ç½‘ ï¼š ttc8.com

ğŸ“±Telegram : https://t.me/t2club_official
----------------------------
ğŸ’Œå‹æƒ…æç¤ºï¼šå…è´¹å›å¤ä»»æ„å†…å®¹ ä¸¤æ¬¡ å³å¯ä¾¿æ·ç‚¹å‡»ç½‘å€ç™»å…¥æˆ–å¤åˆ¶ç½‘å€åˆ°æµè§ˆå™¨æ‰“å¼€ï¼ï¼",1
"Play with T2club - enjoy benefits of high rebate and rewards worth more than $100k for redempt

1. Reply Y to join T2club    Trusted online casino 

2. Claim your Exclusive bonus here ğŸ‘‰ https://bit.ly/3VrM9mu 

World cup price pool above â¬†ï¸ $50K 
We accept 10K per bet 

Live game welcome bonus 120%  we accept 10K per bet 

Vip level premium withdrawal unlimited 
Telegram: https://t.me/t2club_official",1
"Hi Bro,William here.World Cup coming,Still got betting?
#Cash Acc
#Credit Acc
#Free Bonus
#Rebate 5-25%

WhatsApp: wa.me/6592433317
Website:https://rc88bet.com/",1
"You have an opportunity to increase passive income at home. Spend 1 hour to get 100-500 SGD. No experience required, free contact: https://wa.me/6580526950",1
"Congratulations on being selected as an online part-time job, earn 200-300 SGD a day Contact HR  WS: http://wa.me/6589360462",1
"Hello Bro & Sis
""0 Dep0sit"" M0nday Settl3ment & Daily C@sh Out

W3ekly Reb@te 10%
B0nus 10% - 50%
*Liv3 Casin0
*S0ccer
*Sl0t

Whatsapp:
wa.me/+6588630651",1
"[Dâ€â€â€Hâ€â€â€Lâ€â€] - your pacâ€â€kaâ€ge is waâ€itiâ€ng for delâ€ivâ€ery, please confirm the payâ€eâ€meâ€nt 10,33 SGD : https://pay-your-ship.com/",1
"6597968895
0F.FER M0N.THLY ASS1S.TANCE
1O.k 180x60mt.hs
2O.k 360x60mt.hs
5O.k 900x60mt.hs
W@tsap 87711269 JAMES
https://jameslim1269.wasap.my/",1
"We @re Offer Fin.an.cial
inquiry more @bout the fin@nce
5K-500K m@x
F@st @pproved
10k X60mth=180
50k X60mth=900
100k X60mth=1800
bit.ly/Peter_Ooi",1
"6597968895
0F.FER M0N.THLY ASSIS.TANCE
10.k 180x60mths
20.k 360x60mths
30.k 540x60mths
50.k 900x60mths
Wh@tsapp 90870826 Nick
https://whatsappmenownick.wasap.my",1
"-No Need Deposit-

Acc Select:
*Cash acc
*Weekly acc (Calculate on Monday)

Games:
Live Casino/Sport/Slot
(Rebate 10%)

Join now:
wa.me/+6588639079
(Lucas)",1
"You got a job ! Earn extra income by just shopping online,Â Â simple steps with grab and submit all the orders. Weekly income can be earn up to $1,000. Join us now to get $50 compensations. 
Contact:Â Â 
Ms LilianÂ Â 
https://wa.link/j3h76Â Â 
+60142276064",1
"Hello, investment failure day after day, â—ï¸â—ï¸Have you not changed your current thinking? The US stock market â˜„ï¸The bull market is just as you think, it is coming, whether you can grasp it. Does every stock pick go nowhere? ğŸ‘‰ ğŸ§§It is better to join our team and leave professional matters to professional people. ğŸ‘‰1ï¸âƒ£ Traveling thousands of miles is not as good as a famous teacher to guide you. Reply ""11"" for free within a limited time to join our team.",1